<?xml version="1.0" encoding="UTF-8"?>
<!DOCTYPE mapper PUBLIC "-//mybatis.org//DTD Mapper 3.0//EN" "http://mybatis.org/dtd/mybatis-3-mapper.dtd">
<mapper namespace="co.bootjava.palette.cart.mapper.CartServiceMapper">
	<select id="cartSelectList" resultType="co.bootjava.palette.cart.CartVO">
		select * from cart
	</select>
	
	<select id="cartSelect" resultType="co.bootjava.palette.cart.CartVO">
	</select>
	
	<insert id="cartInsert" >
	</insert>
	
	<delete id="cartDelete">
	</delete>
	
	<update id="cartUpdate">
	</update>
</mapper>